WAVELENGTH,S-T-00,S-R-00,D-T-00,D-R-00
2000,67.076492,19.709396,15.31651,73.37321
2020,56.767915,26.645676,13.94893,75.45356
2040,46.377534,32.970062,12.95682,76.99409
2060,37.519364,38.379548,12.26032,78.09167
2080,30.551807,42.63133,11.80025,78.82392
2100,25.237344,46.022077,11.53975,79.24089
2120,21.070843,48.625003,11.46048,79.36761
2140,18.186151,50.71449,11.55008,79.22269
2160,16.050928,52.264294,11.80483,78.81336
2180,14.386473,53.404828,12.22862,78.13704
2200,13.08677,54.279279,12.83263,77.18221
2220,12.166428,54.879905,13.63534,75.92917
2240,11.41188,55.285574,14.66297,74.35081
2260,10.911258,55.573018,15.94699,72.41815
2280,10.62058,55.586316,17.52716,70.09786
2300,10.416039,55.465526,19.4554,67.34975
2320,10.378526,55.398766,21.78702,64.14316
2340,10.477244,55.040895,24.57683,60.46432
2360,10.669122,54.556039,27.86707,56.33209
2380,11.030932,53.808006,31.66568,51.81849
2400,11.528269,52.883939,35.91275,47.07107
2420,12.170413,51.823361,40.438,42.3291
2440,12.985938,50.529877,44.92485,37.92033
2460,13.99318,48.977083,48.91394,34.22455
2480,15.237788,47.21711,51.88303,31.60093
2500,16.719055,45.25299,53.38448,30.31471
2520,18.500222,42.87859,53.27773,30.40859
2540,20.620844,40.212804,51.69482,31.7736
2560,23.183476,37.603703,49.01711,34.14626
2580,26.07034,34.252127,45.70637,37.19923
2600,29.363714,30.660468,42.17123,40.61538
2620,33.218829,27.650902,38.70463,44.13389
2640,37.065749,25.08704,35.48146,47.5665
2660,40.991993,23.017942,32.58529,50.79294
2680,44.632094,21.894854,30.04,53.74693
2700,47.460737,21.298614,27.83537,56.40048
2720,49.175564,22.075154,25.94447,58.75029
2740,50.01098,23.17829,24.33415,60.80767
2760,48.947613,24.975137,22.97083,62.59152
2780,46.845719,27.196196,21.82336,64.12383
2800,44.476248,29.423693,20.86419,65.42696
2820,41.422017,31.719436,20.06964,66.52216
2840,38.401519,33.94268,19.41977,67.42873
2860,35.618912,36.033831,18.89801,68.16373
2880,32.739249,38.059709,18.49071,68.74197
2900,30.380488,39.842391,18.18681,69.17597
2920,28.060692,41.432034,17.97742,69.47628
2940,26.190948,42.820529,17.85555,69.65154
2960,24.443615,44.041893,17.8158,69.70872
2980,23.067473,45.08614,17.85422,69.65331
3000,21.713016,46.00409,17.96808,69.48944
3020,20.696059,46.816617,18.15303,69.22396
3040,19.713834,47.467357,18.41129,68.85468
3060,18.953212,48.00213,18.74315,68.38254
3080,18.316966,48.425527,19.1498,67.80761
3100,17.705609,48.813804,19.63324,67.12922
3120,17.311102,49.065433,20.19629,66.34602
3140,16.979719,49.263142,20.84256,65.45605
3160,16.674243,49.381861,21.57646,64.45692
3180,16.478817,49.427105,22.40317,63.34578
3200,16.355133,49.438095,23.32869,62.11954
3220,16.265546,49.362189,24.35979,60.77492
3240,16.239465,49.273062,25.504,59.30867
3260,16.328771,49.089103,26.7696,57.71769
3280,16.437941,48.849842,28.16558,55.99929
3300,16.615142,48.589575,29.70149,54.15137
3320,16.787688,48.19904,31.38735,52.17281
3340,17.059516,47.748832,33.23341,50.06366
3360,17.424135,47.204778,35.24984,47.82567
3380,17.865013,46.661478,37.44633,45.46255
3400,18.331331,46.135693,39.83152,42.98051
3420,18.847124,45.414018,42.41228,40.38864
3440,19.404628,44.643548,45.19273,37.69932
3460,20.079447,43.866615,48.17319,34.92863
3480,20.792246,43.053773,51.34882,32.09661
3500,21.612378,42.099721,54.70807,29.22739
3520,22.484535,41.137584,58.23119,26.34912
3540,23.489272,40.049088,61.88862,23.49366
3560,24.563646,38.894175,65.63976,20.69607
3580,25.739205,37.702029,69.43221,17.99364
3600,27.041414,36.409207,73.20182,15.4248
3620,28.454914,35.023343,76.87399,13.02771
3640,29.987193,33.556924,80.36623,10.83869
3660,31.661735,32.016526,83.59225,8.89063
3680,33.468374,30.391222,86.46722,7.21145
3700,35.438114,28.649749,88.91382,5.82285
3720,37.571783,26.902738,90.86822,4.73933
3740,39.887944,24.982774,92.28531,3.96766
3760,42.373053,23.1137,93.14209,3.50685
3780,45.021869,21.132218,93.43896,3.34856
3800,47.85394,19.21407,93.19857,3.47784
3820,50.829302,17.236761,92.46265,3.87432
3840,53.961254,15.297493,91.28747,4.51337
3860,57.240707,13.403583,89.73851,5.36755
3880,60.664043,11.591537,87.88536,6.40783
3900,64.246038,9.775414,85.7972,7.60477
3920,67.925713,8.078092,83.53931,8.92955
3940,71.647423,6.509329,81.17066,10.35473
3960,75.260574,5.141461,78.74256,11.85482
3980,78.74893,3.87208,76.29816,13.40666
4000,82.087707,2.890396,73.87257,14.98962
4020,85.303798,1.981947,71.49348,16.5857
4040,88.267094,1.304739,69.18195,18.17941
4060,90.79179,0.82546,66.95332,19.75771
4080,92.832704,0.54696,64.81822,21.30977
4100,94.454484,0.464201,62.78337,22.82682
4120,95.697562,0.556481,60.85242,24.30188
4140,96.446944,0.824786,59.02663,25.72953
4160,96.588507,1.229059,57.3054,27.10574
4180,96.267548,1.77099,55.68681,28.42762
4200,95.730455,2.452816,54.16797,29.69328
4220,95.265443,3.503585,52.74531,30.90159
4240,93.974639,4.384479,51.41484,32.05213
4260,91.998831,5.385132,50.17234,33.145
4280,90.428834,6.430927,49.01346,34.18073
4300,88.1635,7.260884,47.93387,35.16019
4320,85.728713,8.17437,46.9293,36.08449
4340,83.468895,9.149495,45.99562,36.95497
4360,81.22130203,10.06157248,45.12886,37.77308
4380,78.898831,11.035584,44.32522,38.54038
4400,76.707303,12.09041,43.58111,39.25849
4420,74.535201,13.090267,42.89315,39.92905
4440,72.380318,14.040526,42.25817,40.55374
4460,70.320351,14.982296,41.67318,41.13418
4480,68.33447,15.912439,41.13542,41.67201
4500,66.430734,16.767232,40.64228,42.16881
4520,64.609096,17.640449,40.19137,42.62613
4540,62.896471,18.468964,39.78043,43.04547
4560,61.266912,19.257575,39.40739,43.42827
4580,59.701799,20.028046,39.07033,43.77592
4600,58.273933,20.725385,38.76745,44.08974
4620,56.895173,21.455662,38.49709,44.37103
4640,55.598333,22.087281,38.25772,44.62098
4660,54.396711,22.710926,38.04792,44.84077
4680,53.227328,23.301055,37.86636,45.0315
4700,52.177017,23.840592,37.71183,45.19423
4720,51.163038,24.394717,37.58319,45.32997
4740,50.222988,24.880687,37.47939,45.43966
4760,49.355488,25.345284,37.39948,45.52423
4780,48.511592,25.789065,37.34253,45.58453
4800,47.795359,26.183855,37.30773,45.6214
4820,47.048397,26.572536,37.29429,45.63561
4840,46.416981,26.901293,37.30151,45.62792
4860,45.78856699,27.21053977,37.3287,45.59903
4880,45.241926,27.529898,37.37526,45.54964
4900,44.702807,27.796819,37.44061,45.48038
4920,44.221384,28.045991,37.52422,45.39189
4940,43.789494,28.28398,37.62558,45.28475
4960,43.353788,28.513631,37.74424,45.15953
4980,43.017232,28.637662,37.87977,45.01679
5000,42.64183,28.837585,38.03176,44.85705
5020,42.334719,28.959711,38.19936,44.68131
5040,42.031686,29.066516,38.38279,44.48947
5060,41.816785,29.129623,38.5817,44.282
5080,41.553569,29.250813,38.79581,44.05937
5100,41.406969,29.26029,39.02479,43.82202
5120,41.207106,29.329389,39.26838,43.5704
5140,41.088146,29.385508,39.52631,43.30491
5160,40.940963,29.404446,39.79834,43.02598
5180,40.877918,29.402674,40.08422,42.73402
5200,40.848262,29.49354,40.38374,42.42941
5220,40.782404,29.400776,40.69667,42.11255
5240,40.676377,29.38451,41.0228,41.78381
5260,40.667364,29.337693,41.36193,41.44358
5280,40.673817,29.351477,41.71386,41.09223
5300,40.743487,29.252107,42.07841,40.73013
5320,40.75259,29.152835,42.45539,40.35763
5340,40.688095,29.161705,42.8446,39.9751
5360,40.80403283,29.00072857,43.24588,39.5829
5380,40.97856,28.891249,43.65902,39.18138
5400,41.110844,28.881817,44.08386,38.7709
5420,41.216055,28.800371,44.52021,38.35182
5440,41.311271,28.55707,44.96788,37.92449
5460,41.706115,28.574905,45.42669,37.48925
5480,41.897285,28.343868,45.89644,37.04646
5500,41.905927,28.155169,46.37696,36.59648
5520,42.136292,28.094593,46.86803,36.13965
5540,42.317731,27.838943,47.36946,35.67633
5560,42.482617,27.796799,47.88104,35.20687
5580,42.684287,27.499995,48.40255,34.73162
5600,43.065745,27.288084,48.93378,34.25094
5620,43.351628,27.176953,49.47451,33.76519
5640,43.551496,26.945734,50.02449,33.2747
5660,43.932779,26.651215,50.58349,32.77985
5680,44.346393,26.436791,51.15125,32.28098
5700,44.493755,26.350845,51.72753,31.77845
5720,44.979612,25.974603,52.31207,31.27262
5740,45.518575,25.750102,52.90457,30.76383
5760,45.903939,25.64912,53.50561,30.25171
5780,46.087093,25.051634,54.11496,29.73661
5800,46.459913,25.000932,54.73147,29.21958
5820,47.200989,24.775033,55.35484,28.70097
5840,47.568887,24.233126,55.98473,28.18113
5860,47.4918229,24.26287501,56.62084,27.66042
5880,47.899757,23.909234,57.26282,27.13917
5900,48.516725,23.339272,57.91032,26.61774
5920,48.727303,23.250429,58.56298,26.09645
5940,49.298886,22.943557,59.22044,25.57565
5960,49.94745,22.593306,59.88234,25.05567
5980,50.381766,22.332948,60.54829,24.53683
6000,50.937101,21.908682,61.2179,24.01946
6020,51.255492,21.639948,61.89112,23.50338
6040,51.371532,21.525324,62.5673,22.98932
6060,51.814046,21.017033,63.24603,22.47762
6080,52.359916,20.554842,63.92689,21.96857
6100,53.047145,20.410269,64.60947,21.46246
6120,53.812312,20.041172,65.29335,20.95958
6140,54.066219,19.610834,65.9781,20.46021
6160,54.607562,19.377315,66.66329,19.96463
6180,55.350234,19.033054,67.34851,19.47309
6200,55.816915,18.610672,68.03331,18.98586
6220,56.333009,18.281487,68.71726,18.50318
6240,56.871189,17.970955,69.39993,18.02528
6260,57.366674,17.660803,70.0809,17.55241
6280,57.974245,17.340313,70.75974,17.08477
6300,58.576557,16.986348,71.436,16.62259
6320,59.082276,16.702501,72.10928,16.16605
6340,59.797002,16.466597,72.77915,15.71535
6360,60.648173,16.056792,73.44521,15.27067
6380,61.063578,15.753626,74.10704,14.83218
6400,61.581301,15.641236,74.76424,14.40005
6420,62.45272,15.173749,75.41644,13.97441
6440,62.603117,14.663055,76.06322,13.55541
6460,62.946455,14.555595,76.70424,13.14317
6480,63.855311,14.38772,77.3391,12.73783
6500,64.441022,13.857985,77.96749,12.33947
6520,64.806162,13.466867,78.58903,11.94821
6540,65.484816,13.325358,79.2034,11.56413
6560,66.468426,13.101861,79.81029,11.1873
6580,67.396842,12.69116,80.40938,10.81779
6600,67.606728,12.395271,81.0004,10.45567
6620,67.668343,12.184185,81.58305,10.10097
6640,68.243538,11.850913,82.15707,9.75375
6660,69.339796,11.492562,82.72223,9.41401
6680,70.096032,11.270785,83.27829,9.08179
6700,70.316134,11.028942,83.82502,8.7571
6720,70.911968,10.610521,84.36224,8.43994
6740,71.818713,10.296767,84.88974,8.1303
6760,72.308297,10.135348,85.40737,7.82816
6780,72.748138,9.898129,85.91498,7.53352
6800,73.546935,9.523402,86.41241,7.24633
6820,74.236158,9.272539,86.89955,6.96656
6840,74.887233,9.102857,87.3763,6.69416
6860,75.718642,8.842348,87.84256,6.42909
6880,76.368517,8.493377,88.29826,6.17129
6900,76.808169,8.19694,88.74335,5.9207
6920,77.279166,7.974512,89.17777,5.67724
6940,77.85917,7.778884,89.60151,5.44085
6960,78.533259,7.532138,90.01453,5.21144
6980,79.041276,7.246104,90.41686,4.98894
7000,79.374526,7.029301,90.80849,4.77324
7020,79.89262,6.857601,91.18893,4.56427
7040,80.611252,6.643574,91.55873,4.36191
7060,81.115439,6.393763,91.91797,4.16609
7080,81.448839,6.172903,92.26669,3.97668
7100,81.939389,5.968642,92.60497,3.79358
7120,82.555136,5.771485,92.93289,3.6167
7140,83.10882,5.591502,93.25056,3.4459
7160,83.625736,5.406645,93.55808,3.28109
7180,84.156453,5.212018,93.85558,3.12214
7200,84.627091,5.033987,94.14314,2.96894
7220,85.045082,4.871228,94.42094,2.82137
7240,85.518332,4.705395,94.68909,2.6793
7260,86.085167,4.535066,94.94773,2.54263
7280,86.632644,4.360145,95.19704,2.41122
7300,87.076837,4.181436,95.43716,2.28496
7320,87.511779,4.016759,95.66827,2.16373
7340,88.038832,3.877924,95.89052,2.04739
7360,88.578657,3.740288,96.10409,1.93583
7380,89.014876,3.58411,96.30916,1.82893
7400,89.395452,3.427707,96.50591,1.72656
7420,89.834123,3.288825,96.69452,1.62861
7440,90.305912,3.162646,96.87518,1.53494
7460,90.699239,3.040134,97.04807,1.44545
7480,91.0422,2.921052,97.21338,1.36002
7500,91.450839,2.806939,97.37131,1.27852
7520,91.914446,2.695601,97.52204,1.20084
7540,92.305701,2.579503,97.66578,1.12686
7560,92.587157,2.450769,97.8027,1.05647
7580,92.87949,2.320135,97.93301,0.98956
7600,93.256919,2.206983,98.05689,0.92601
7620,93.625637,2.111728,98.17455,0.86572
7640,93.903788,2.023424,98.28614,0.80858
7660,94.152644,1.931378,98.39188,0.75448
7680,94.453288,1.830177,98.49195,0.70332
7700,94.782018,1.726252,98.58653,0.65499
7720,95.057277,1.62932,98.67582,0.60939
7740,95.255101,1.545856,98.75997,0.56644
7760,95.457139,1.472512,98.83919,0.52602
7780,95.731851,1.404459,98.91363,0.48804
7800,96.00783,1.337715,98.98347,0.45242
7820,96.206646,1.268803,99.0489,0.41906
7840,96.35985,1.19766,99.11006,0.38787
7860,96.539627,1.127462,99.16713,0.35876
7880,96.780824,1.05933,99.22026,0.33165
7900,97.006546,0.991491,99.26962,0.30646
7920,97.141811,0.923248,99.31536,0.28311
7940,97.250488,0.860633,99.35764,0.26151
7960,97.405908,0.808527,99.39658,0.2416
7980,97.6068,0.765456,99.43236,0.22329
8000,97.779083,0.724411,99.46509,0.20652
8020,97.865307,0.677581,99.49435,0.19098
8040,97.93082188,0.629493614,99.52091,0.17681
8060,98.042684,0.586821,99.54491,0.16394
8080,98.190337,0.551853,99.56647,0.15229
8100,98.31577,0.520853,99.58572,0.14181
8120,98.367108,0.488593,99.60278,0.13244
8140,98.402579,0.455893,99.61776,0.12411
8160,98.479623,0.423522,99.63078,0.11678
8180,98.5985,0.391704,99.64194,0.11038
8200,98.70375122,0.359554283,99.65134,0.10487
8220,98.73911641,0.324441186,99.6591,0.10018
8240,98.750923,0.289037,99.66528,0.0963
8260,98.785855,0.257066,99.66996,0.09317
8280,98.870657,0.230017,99.67325,0.09073
8300,98.952392,0.206127,99.67524,0.08896
8320,98.984322,0.182493,99.67601,0.0878
8340,98.982645,0.161603,99.67566,0.08721
8360,98.99048484,0.147776581,99.67425,0.08715
8380,99.05221451,0.143807831,99.67188,0.08757
8400,99.124001,0.139304,99.66861,0.08845
8420,99.166538,0.126894,99.66453,0.08975
8440,99.155323,0.101831,99.65969,0.09142
8460,99.137947,0.072809,99.65416,0.09344
8480,99.160091,0.05033,99.64802,0.09578
8500,99.216612,0.036568,99.64132,0.0984
8520,99.266406,0.031234,99.6344,0.10127
8540,99.2606192,0.027817933,99.62704,0.10437
8560,99.226464,0.026085,99.61928,0.10768
8580,99.200985,0.02482,99.61119,0.11115
8600,99.234338,0.022789,99.6028,0.11478
8620,99.285379,0.02141,99.59415,0.11853
8640,99.318916,0.019964,99.58533,0.12239
8660,99.289801,0.0199,99.57632,0.12633
8680,99.244711,0.022039,99.56721,0.13033
8700,99.21843678,0.025845262,99.558,0.13438
8720,99.24703602,0.031770308,99.54875,0.13845
8740,99.284371,0.037091,99.53949,0.14253
8760,99.295736,0.040608,99.53024,0.14661
8780,99.253347,0.041181,99.52105,0.15067
8800,99.204455,0.038717,99.51193,0.15469
8820,99.186891,0.034251,99.50291,0.15866
8840,99.228984,0.028644,99.49403,0.16257
8860,99.28402171,0.024866895,99.48529,0.1664
8880,99.31766414,0.02468912,99.47673,0.17015
8900,99.300378,0.029371,99.46835,0.17381
8920,99.275592,0.036369,99.46021,0.17736
8940,99.270026,0.043199,99.45228,0.1808
8960,99.313376,0.047993,99.4446,0.18412
8980,99.362984,0.048092,99.43716,0.18731
9000,99.397035,0.043058,99.43002,0.19037
9020,99.380831,0.033919,99.42382,0.19328
9040,99.35035455,0.022308408,99.41792,0.19605
9060,99.327425,0.011601,99.41232,0.19866
9080,99.352722,0.004359,99.40702,0.20112
9100,99.395394,0.001493,99.40206,0.20342
9120,99.428491,0.002223,99.39742,0.20556
9140,99.415725,0.005912,99.39311,0.20752
9160,99.374525,0.011457,99.38914,0.20932
9180,99.333033,0.017186,99.38551,0.21095
9200,99.32239588,0.02259724,99.38223,0.2124
9220,99.34803566,0.026481143,99.3793,0.21369
9240,99.387719,0.026861,99.37671,0.21479
9260,99.418481,0.023864,99.37447,0.21572
9280,99.421526,0.017429,99.37259,0.21648
9300,99.414961,0.010329,99.37105,0.21706
9320,99.406778,0.004892,99.36986,0.21746
9340,99.41466,0.003533,99.36902,0.21769
9360,99.42806461,0.004876144,99.36852,0.21775
9380,99.43976423,0.007874151,99.36836,0.21764
9400,99.435886,0.010451,99.36855,0.21736
9420,99.417164,0.012563,99.36905,0.21691
9440,99.40471,0.01764,99.36989,0.2163
9460,99.406186,0.026282,99.37105,0.21553
9480,99.436583,0.040312,99.37253,0.2146
9500,99.477361,0.054317,99.37432,0.21351
9520,99.515979,0.064444,99.37683,0.21185
9540,99.52707176,0.064646718,99.37962,0.21005
9560,99.51532,0.055824,99.38268,0.20812
9580,99.501554,0.04372,99.38601,0.20605
9600,99.495329,0.032057,99.38959,0.20386
9620,99.515687,0.024678,99.39342,0.20154
9640,99.543737,0.022216,99.39748,0.19911
9660,99.567359,0.025786,99.40177,0.19656
9680,99.570817,0.034036,99.40628,0.19391
9700,99.55098483,0.046175585,99.41099,0.19116
9720,99.52485762,0.056503432,99.41589,0.18831
9740,99.502468,0.062243,99.42099,0.18537
9760,99.501414,0.058965,99.42625,0.18234
9780,99.509975,0.051097,99.43168,0.17923
9800,99.518652,0.043414,99.43726,0.17605
9820,99.514464,0.041144,99.44297,0.1728
9840,99.485862,0.049062,99.44881,0.16949
9860,99.45315832,0.058550496,99.45479,0.16611
9880,99.42044675,0.068888368,99.46085,0.16269
9900,99.405781,0.072161,99.46702,0.15922
9920,99.412258,0.067337,99.47326,0.15572
9940,99.420382,0.060778,99.47958,0.15218
9960,99.428184,0.054575,99.48595,0.14861
9980,99.416013,0.055304,99.49237,0.14501
10000,99.387359,0.062179,99.49883,0.14141
10020,99.359188,0.067508,99.50096,0.13928
10040,99.332566,0.072094,99.50322,0.13709
10060,99.326291,0.068778,99.5056,0.13484
10080,99.332921,0.060528,99.50809,0.13255
10100,99.340468,0.053689,99.51068,0.1302
10120,99.345675,0.04954,99.51337,0.12782
10140,99.332098,0.055853,99.51614,0.12539
10160,99.309581,0.067117,99.51899,0.12293
10180,99.286368,0.078463,99.52191,0.12044
10200,99.267519,0.08726,99.52489,0.11792
10220,99.265475,0.086492,99.52792,0.11538
10240,99.27213,0.080279,99.531,0.11282
10260,99.281857,0.071534,99.5341,0.11025
10280,99.287649,0.063706,99.53723,0.10767
10300,99.280383,0.061452,99.54037,0.10509
10320,99.26407,0.063721,99.54353,0.10251
10340,99.243723,0.069381,99.54668,0.09993
10360,99.224968,0.076204,99.54983,0.09736
10380,99.214147,0.082151,99.55295,0.0948
10400,99.211263,0.086482,99.55605,0.09227
10420,99.207431,0.087819,99.5591,0.08975
10440,99.20156,0.086765,99.56212,0.08726
10460,99.185459,0.082467,99.56509,0.0848
10480,99.158505,0.075864,99.56799,0.08237
10500,99.131394,0.07059,99.57082,0.07999
10520,99.103776,0.068096,99.57356,0.07765
10540,99.084958,0.070431,99.57623,0.07535
10560,99.07755,0.079144,99.5788,0.07311
10580,99.074576,0.089197,99.58126,0.07092
10600,99.071464,0.096894,99.58361,0.06879
10620,99.064595,0.100408,99.58678,0.06666
10640,99.045905,0.093358,99.58974,0.06464
10660,99.019799,0.08109,99.5925,0.06272
10680,98.992989,0.070084,99.59504,0.06091
10700,98.966603,0.061785,99.59734,0.05922
10720,98.948139,0.063622,99.59942,0.05765
10740,98.937373,0.074776,99.60126,0.0562
10760,98.928778,0.088885,99.60284,0.05488
10780,98.919668,0.10239,99.60416,0.05369
10800,98.907087,0.112348,99.60522,0.05264
10820,98.884324,0.11154,99.60601,0.05172
10840,98.858481,0.106039,99.60653,0.05095
10860,98.831172,0.09734,99.60674,0.05032
10880,98.804985,0.088598,99.60668,0.04984
10900,98.784646,0.084228,99.60631,0.04951
10920,98.770816,0.085444,99.60563,0.04934
10940,98.75738,0.089388,99.60464,0.04933
10960,98.744773,0.096556,99.60333,0.04949
10980,98.727906,0.103686,99.60169,0.0498
11000,98.703766,0.110295,99.59972,0.05029
11020,98.674883,0.115427,99.59538,0.05076
11040,98.645971,0.118549,99.59075,0.05138
11060,98.617096,0.119771,99.58582,0.05216
11080,98.593473,0.119086,99.58059,0.0531
11100,98.57782,0.117382,99.57504,0.0542
11120,98.564633,0.114969,99.56918,0.05547
11140,98.550791,0.112391,99.563,0.0569
11160,98.536565,0.1103,99.5565,0.0585
11180,98.514182,0.109438,99.54965,0.06028
11200,98.484619,0.109613,99.54247,0.06223
11220,98.450988,0.112559,99.53495,0.06436
11240,98.415145,0.118467,99.52708,0.06668
11260,98.377238,0.127132,99.51886,0.06917
11280,98.342996,0.139041,99.51028,0.07185
11300,98.309906,0.154181,99.50134,0.07472
11320,98.275389,0.169677,99.47279,0.07778
11340,98.237183,0.183391,99.44393,0.08103
11360,98.194396,0.195523,99.41478,0.08447
11380,98.142581,0.202189,99.38532,0.08811
11400,98.08266,0.204669,99.35555,0.09195
11420,98.016774,0.206079,99.32548,0.096
11440,97.946405,0.208435,99.29508,0.10024
11460,97.872368,0.212309,99.26437,0.10469
11480,97.797898,0.222441,99.23333,0.10934
11500,97.722213,0.237488,99.20196,0.11421
11520,97.64251,0.253805,99.11781,0.11928
11540,97.556757,0.271658,99.03356,0.12457
11560,97.462859,0.287894,98.94923,0.13006
11580,97.357259,0.300415,98.86478,0.13578
11600,97.23781,0.309029,98.78025,0.14171
11620,97.110119,0.315343,98.6956,0.14785
11640,96.97294,0.319421,98.61084,0.15422
11660,96.830294,0.322279,98.52596,0.16081
11680,96.687561,0.325036,98.44097,0.16762
11700,96.547878,0.328936,98.35585,0.17465
11720,96.409073,0.333681,98.33427,0.18191
11740,96.270393,0.339267,98.31229,0.1894
11760,96.131421,0.346436,98.28987,0.19711
11780,95.992564,0.354219,98.26704,0.20505
11800,95.851068,0.363381,98.2438,0.21321
11820,95.710292,0.373659,98.22013,0.22161
11840,95.585288,0.385297,98.19603,0.23024
11860,95.474245,0.398817,98.17152,0.2391
11880,95.382426,0.413536,98.14656,0.2482
11900,95.319295,0.429432,98.12119,0.25752
11920,95.284115,0.44646,98.14607,0.26709
11940,95.267333,0.463137,98.17035,0.27688
11960,95.261597,0.478556,98.19403,0.28692
11980,95.26953,0.493942,98.21711,0.29718
12000,95.276161,0.508329,98.23959,0.30769
12020,95.275014,0.521204,98.22715,0.31846
12040,95.270412,0.534533,98.21423,0.32947
12060,95.258655,0.548197,98.20081,0.34072
12080,95.239257,0.562372,98.18691,0.3522
12100,95.213173,0.577869,98.17252,0.36392
12120,95.184263,0.595136,98.15763,0.37588
12140,95.151916,0.61376,98.14226,0.38807
12160,95.11555,0.632629,98.12638,0.4005
12180,95.072786,0.651305,98.11002,0.41317
12200,95.024428,0.669196,98.09317,0.42607
12220,94.970444,0.686425,98.07583,0.43922
12240,94.906664,0.701595,98.05798,0.4526
12260,94.835475,0.716396,98.03966,0.46622
12280,94.760237,0.732308,98.02084,0.48007
12300,94.680519,0.750234,98.00153,0.49417
12320,94.599178,0.770177,97.97507,0.5085
12340,94.516944,0.792558,97.94816,0.52307
12360,94.436561,0.819561,97.92077,0.53788
12380,94.357615,0.849221,97.89292,0.55292
12400,94.278266,0.877718,97.86462,0.56821
12420,94.199196,0.905865,97.83585,0.58373
12440,94.119602,0.931537,97.80662,0.59948
12460,94.037984,0.953824,97.77693,0.61547
12480,93.954117,0.969976,97.74678,0.6317
12500,93.868637,0.981903,97.71618,0.64816
12520,93.782114,0.99561,97.68513,0.66486
12540,93.694613,1.009974,97.65362,0.68179
12560,93.606798,1.026764,97.62166,0.69896
12580,93.518033,1.050124,97.58925,0.71636
12600,93.429378,1.081383,97.55639,0.73399
12620,93.340386,1.120514,97.52308,0.75186
12640,93.251074,1.159262,97.48932,0.76995
12660,93.161425,1.197018,97.45512,0.78828
12680,93.070918,1.234919,97.42049,0.80684
12700,92.979331,1.266028,97.3854,0.82563
12720,92.885878,1.288488,97.34988,0.84465
12740,92.790798,1.30346,97.31392,0.8639
12760,92.692429,1.315299,97.27752,0.88337
12780,92.589111,1.328062,97.24069,0.90308
12800,92.481657,1.339507,97.20343,0.92301
12820,92.36937,1.354109,97.16575,0.94316
12840,92.250793,1.377681,97.12762,0.96354
12860,92.126529,1.407894,97.08909,0.98415
12880,91.997048,1.443292,97.05012,1.00498
12900,91.863122,1.481728,97.01073,1.02603
12920,91.724814,1.521896,96.97092,1.0473
12940,91.582492,1.564293,96.93071,1.06879
12960,91.43665,1.604569,96.89008,1.09051
12980,91.288232,1.64043,96.84902,1.11244
13000,91.136146,1.67494,96.80757,1.13459
13020,90.980258,1.707636,96.73457,1.15695
13040,90.819741,1.739927,96.66131,1.17953
13060,90.655905,1.771225,96.58777,1.20233
13080,90.488541,1.802734,96.51395,1.22534
13100,90.317715,1.835792,96.43989,1.24856
13120,90.144459,1.870226,96.36555,1.27199
13140,89.971772,1.905149,96.29095,1.29564
13160,89.801104,1.940004,96.21609,1.31949
13180,89.633092,1.974764,96.14098,1.34355
13200,89.469023,2.009302,96.06561,1.36782
13220,89.310389,2.043022,95.99001,1.3923
13240,89.158746,2.075219,95.91414,1.41698
13260,89.013196,2.107197,95.83802,1.44186
13280,88.871719,2.140449,95.76167,1.46695
13300,88.734551,2.1747,95.68507,1.49224
13320,88.601506,2.211212,95.65121,1.51773
13340,88.471129,2.249482,95.61694,1.54342
13360,88.342935,2.29004,95.58226,1.5693
13380,88.215652,2.334494,95.54716,1.59539
13400,88.090406,2.382146,95.51167,1.62167
13420,87.969174,2.429447,95.47578,1.64814
13440,87.852081,2.476375,95.43948,1.6748
13460,87.73907,2.524004,95.40279,1.70166
13480,87.630227,2.570864,95.3657,1.72871
13500,87.526631,2.614928,95.32822,1.75595
13520,87.428011,2.656817,95.29036,1.78337
13540,87.334538,2.696017,95.25212,1.81098
13560,87.24083,2.734194,95.21349,1.83878
13580,87.145109,2.771846,95.17449,1.86676
13600,87.049186,2.808705,95.13512,1.89492
13620,86.950723,2.84525,95.09537,1.92326
13640,86.845896,2.883126,95.05525,1.95179
13660,86.735865,2.92269,95.01478,1.98049
13680,86.619304,2.963481,94.97393,2.00937
13700,86.500431,3.004581,94.93274,2.03843
13720,86.381854,3.045153,94.89118,2.06765
13740,86.262594,3.085745,94.84928,2.09706
13760,86.142351,3.12682,94.80703,2.12663
13780,86.024953,3.166816,94.76443,2.15638
13800,85.912853,3.205954,94.7215,2.18629
13820,85.803231,3.244635,94.67822,2.21637
13840,85.694725,3.284035,94.63461,2.24662
13860,85.583979,3.325718,94.59067,2.27703
13880,85.469862,3.369785,94.54639,2.30761
13900,85.353207,3.416134,94.50179,2.33835
13920,85.232489,3.465169,94.45687,2.36924
13940,85.102916,3.51854,94.41163,2.4003
13960,84.96612,3.575145,94.36608,2.43152
13980,84.82521,3.633145,94.32021,2.46289
14000,84.682576,3.691431,94.27404,2.49442
14020,84.541685,3.747644,94.21548,2.5261
14040,84.402619,3.802231,94.15666,2.55793
14060,84.265231,3.854924,94.09759,2.58991
14080,84.131585,3.905366,94.03828,2.62204
14100,84.008216,3.95091,93.97871,2.65432
14120,83.889693,3.993705,93.89799,2.68675
14140,83.770006,4.035743,93.81711,2.71932
14160,83.647186,4.077817,93.73609,2.75203
14180,83.518785,4.121771,93.65492,2.78489
14200,83.383168,4.167532,93.57361,2.81789
14220,83.238777,4.215596,93.49216,2.85103
14240,83.082281,4.26649,93.41057,2.8843
14260,82.905298,4.323926,93.32885,2.91771
14280,82.715859,4.384761,93.247,2.95126
14300,82.524837,4.444878,93.16502,2.98494
14320,82.333679,4.504482,93.08292,3.01876
14340,82.141923,4.563807,93.0007,3.0527
14360,81.952227,4.621628,92.91836,3.08677
14380,81.768078,4.677228,92.8359,3.12098
14400,81.5909,4.73043,92.75333,3.15531
14420,81.427752,4.779652,92.67065,3.18976
14440,81.273701,4.826597,92.58784,3.22434
14460,81.111212,4.875549,92.50495,3.25904
14480,80.933761,4.92809,92.42195,3.29386
14500,80.744783,4.9838,92.33885,3.3288
14520,80.543181,5.042612,92.22765,3.36386
14540,80.322422,5.105285,92.11649,3.39904
14560,80.078517,5.172042,92.00537,3.43433
14580,79.816439,5.241556,91.8943,3.46974
14600,79.533249,5.313334,91.78326,3.50526
14620,79.248336,5.383307,91.67229,3.54089
14640,78.979671,5.446177,91.56136,3.57663
14660,78.72083,5.504229,91.45047,3.61248
14680,78.469015,5.55746,91.33964,3.64843
14700,78.228495,5.606557,91.22887,3.6845
14720,78.00633,5.651215,91.11815,3.72067
14740,77.798024,5.692612,91.00749,3.75694
14760,77.60016,5.731589,90.8969,3.79331
14780,77.408579,5.769662,90.78636,3.82978
14800,77.215526,5.80954,90.67589,3.86636
14820,77.016226,5.853049,90.56549,3.90303
14840,76.81211,5.899905,90.45515,3.9398
14860,76.60239,5.950143,90.34489,3.97666
14880,76.384739,6.004682,90.23471,4.01362
14900,76.153875,6.063506,90.12459,4.05067
14920,75.914373,6.125483,90.01456,4.08781
14940,75.670732,6.188823,89.90459,4.12504
14960,75.422663,6.253052,89.79472,4.16237
14980,75.167872,6.317333,89.68491,4.19978
15000,74.907458,6.380999,89.5752,4.23727
15020,74.645948,6.44344,89.47308,4.27485
15040,74.385644,6.503612,89.37102,4.31252
15060,74.122399,6.562846,89.269,4.35026
15080,73.85227,6.623334,89.16704,4.38809
15100,73.579535,6.683118,89.06513,4.426
15120,73.307071,6.742113,88.96328,4.46399
15140,73.035569,6.80059,88.8615,4.50205
15160,72.76541,6.858447,88.75977,4.54019
15180,72.496699,6.91581,88.6581,4.57841
15200,72.228927,6.973427,88.5565,4.6167
15220,71.962146,7.031487,88.45497,4.65506
15240,71.696072,7.090562,88.35352,4.6935
15260,71.430512,7.150584,88.25212,4.732
15280,71.16494,7.211662,88.1508,4.77057
15300,70.897331,7.274849,88.04955,4.80921
15320,70.627338,7.340441,87.94838,4.84792
15340,70.35643,7.407813,87.84729,4.88669
15360,70.08363,7.47756,87.74627,4.92553
15380,69.812408,7.547852,87.64533,4.96443
15400,69.543746,7.619058,87.54448,5.00339
15420,69.281026,7.689188,87.44372,5.04242
15440,69.029511,7.755572,87.34303,5.0815
15460,68.792102,7.817087,87.24243,5.12064
15480,68.566296,7.875411,87.14192,5.15984
15500,68.352463,7.9304,87.0415,5.19909
15520,68.150708,7.982136,86.94118,5.2384
15540,67.964191,8.029997,86.84094,5.27776
15560,67.790674,8.074981,86.74081,5.31718
15580,67.625634,8.118954,86.64075,5.35665
15600,67.466296,8.163565,86.54081,5.39617
15620,67.311657,8.209237,86.51092,5.43574
15640,67.158511,8.257796,86.48083,5.47536
15660,67.007482,8.308966,86.4506,5.51503
15680,66.859617,8.362595,86.42019,5.55475
15700,66.715456,8.418912,86.38962,5.59451
15720,66.574422,8.478015,86.35888,5.63431
15740,66.435533,8.541765,86.32799,5.67416
15760,66.300208,8.607982,86.29694,5.71405
15780,66.169574,8.675546,86.26572,5.75398
15800,66.044415,8.744013,86.23436,5.79395
15820,65.925111,8.813,86.20285,5.83396
15840,65.815333,8.882374,86.17119,5.87401
15860,65.710671,8.951592,86.13938,5.9141
15880,65.607404,9.019757,86.10743,5.95422
15900,65.503396,9.086296,86.07533,5.99438
15920,65.39989,9.152053,86.04311,6.03457
15940,65.298897,9.216636,86.01073,6.07479
15960,65.196719,9.280458,85.97823,6.11505
15980,65.089661,9.343675,85.9456,6.15533
16000,64.974975,9.40628,85.91283,6.19565
16020,64.854809,9.468394,85.87315,6.23599
16040,64.727736,9.531286,85.83337,6.27637
16060,64.59433,9.594608,85.79348,6.31677
16080,64.45526,9.657784,85.75349,6.35719
16100,64.31092,9.720262,85.71341,6.39765
16120,64.160847,9.782019,85.67323,6.43812
16140,64.00451,9.843991,85.63295,6.47863
16160,63.84277,9.905769,85.59258,6.51915
16180,63.677485,9.966077,85.55212,6.55969
16200,63.511437,10.024088,85.51157,6.60026
16220,63.343472,10.080434,85.47095,6.64084
16240,63.17358,10.134644,85.43022,6.68145
16260,63.001894,10.186347,85.38942,6.72207
16280,62.827691,10.237508,85.34854,6.76271
16300,62.651388,10.289765,85.30758,6.80337
16320,62.472481,10.342952,85.26654,6.84404
16340,62.29052,10.396544,85.22543,6.88473
16360,62.106411,10.449844,85.18424,6.92543
16380,61.917438,10.505343,85.14299,6.96615
16400,61.722146,10.564669,85.10166,7.00687
16420,61.519532,10.628847,85.06026,7.04761
16440,61.309974,10.696329,85.0188,7.08836
16460,61.092716,10.766977,84.97727,7.12912
16480,60.867483,10.839961,84.93569,7.16989
16500,60.634057,10.914225,84.89404,7.21066
16520,60.391589,10.988151,84.74809,7.25144
16540,60.140641,11.061709,84.60253,7.29222
16560,59.88127,11.134987,84.45737,7.333
16580,59.613243,11.208329,84.31261,7.37379
16600,59.338718,11.27863,84.16827,7.41459
16620,59.058992,11.342464,84.02431,7.45539
16640,58.774529,11.39896,83.88077,7.49619
16660,58.484324,11.451843,83.7376,7.537
16680,58.188104,11.502297,83.59485,7.5778
16700,57.884988,11.550678,83.45248,7.61861
16720,57.573984,11.597217,83.31052,7.65941
16740,57.254122,11.643079,83.16895,7.70022
16760,56.925075,11.688756,83.02778,7.74102
16780,56.58673,11.734778,82.887,7.78183
16800,56.239727,11.781756,82.74661,7.82263
16820,55.880633,11.830934,82.60662,7.86342
16840,55.50476,11.884875,82.46702,7.90421
16860,55.107031,11.946421,82.32781,7.945
16880,54.696668,12.01076,82.189,7.98578
16900,54.27726,12.076519,82.05056,8.02655
16920,53.850845,12.142883,81.91252,8.06732
16940,53.415927,12.21039,81.77486,8.10808
16960,52.971227,12.279564,81.6376,8.14883
16980,52.518863,12.34964,81.50072,8.18958
17000,52.06398,12.418724,81.36423,8.23031
17020,51.611132,12.485064,81.10677,8.27102
17040,51.162159,12.548095,80.85053,8.31172
17060,50.718542,12.607387,80.59553,8.35241
17080,50.28973,12.660755,80.34174,8.39308
17100,49.870432,12.709599,80.08917,8.43375
17120,49.455921,12.755164,79.83781,8.4744
17140,49.040644,12.798662,79.58764,8.51503
17160,48.626208,12.83987,79.33867,8.55565
17180,48.213478,12.878658,79.09088,8.59626
17200,47.804997,12.914178,78.84428,8.63685
17220,47.395544,12.948056,78.59884,8.67743
17240,46.982049,12.981348,78.35457,8.71799
17260,46.560185,13.016092,78.11146,8.75853
17280,46.129991,13.051903,77.8695,8.79905
17300,45.689842,13.088915,77.62868,8.83955
17320,45.230295,13.12819,77.38902,8.88004
17340,44.763587,13.168686,77.15047,8.92051
17360,44.295661,13.209917,76.91306,8.96095
17380,43.836611,13.251,76.67677,9.00138
17400,43.382662,13.292499,76.44159,9.04178
17420,42.93237,13.334659,76.20751,9.08217
17440,42.479902,13.378181,75.97454,9.12253
17460,42.036325,13.42189,75.74267,9.16287
17480,41.607752,13.465142,75.51188,9.20319
17500,41.207198,13.506521,75.28217,9.24348
17520,40.83014,13.546778,75.19563,9.28376
17540,40.475028,13.586225,75.10926,9.32403
17560,40.146743,13.624083,75.02306,9.36426
17580,39.840498,13.661061,74.93706,9.40447
17600,39.552716,13.697674,74.85122,9.44466
17620,39.277901,13.735127,74.76557,9.48482
17640,39.016778,13.773187,74.68009,9.52495
17660,38.769861,13.811559,74.59479,9.56506
17680,38.541174,13.850381,74.50967,9.60514
17700,38.327182,13.889952,74.42473,9.64519
17720,38.12061,13.930773,74.33997,9.68521
17740,37.912379,13.973861,74.25539,9.7252
17760,37.700905,14.019358,74.17097,9.76516
17780,37.492496,14.066459,74.08675,9.80509
17800,37.285895,14.115412,74.0027,9.845
17820,37.080832,14.166297,73.91884,9.88487
17840,36.881311,14.218397,73.83514,9.92471
17860,36.689376,14.270995,73.75164,9.96452
17880,36.508194,14.323023,73.6683,10.00429
17900,36.33597,14.375165,73.58516,10.04404
17920,36.172139,14.427588,73.50219,10.08375
17940,36.014192,14.481016,73.4194,10.12343
17960,35.866834,14.534018,73.33678,10.16308
17980,35.732225,14.585929,73.25436,10.20269
18000,35.618353,14.634811,73.1721,10.24226
18020,35.521309,14.681182,73.15227,10.28182
18040,35.436021,14.725567,73.13241,10.32133
18060,35.361783,14.768642,73.11252,10.36082
18080,35.297178,14.810527,73.09261,10.40026
18100,35.236089,14.850819,73.07266,10.43967
18120,35.174478,14.889667,73.0527,10.47904
18140,35.107842,14.927113,73.03271,10.51838
18160,35.037449,14.963612,73.0127,10.55768
18180,34.963574,14.999239,72.99267,10.59694
18200,34.88892,15.033987,72.97261,10.63617
18220,34.806498,15.068377,72.95253,10.67535
18240,34.712829,15.102721,72.93243,10.7145
18260,34.595292,15.137539,72.91232,10.75361
18280,34.456274,15.172887,72.89218,10.79268
18300,34.305275,15.208842,72.87204,10.83171
18320,34.145025,15.245464,72.85187,10.8707
18340,33.978408,15.282741,72.83169,10.90965
18360,33.805485,15.321384,72.81149,10.94857
18380,33.626823,15.361517,72.79128,10.98744
18400,33.443845,15.403537,72.77105,11.02627
18420,33.258901,15.447263,72.75082,11.06506
18440,33.07388,15.492664,72.73056,11.1038
18460,32.890519,15.539283,72.7103,11.14251
18480,32.709788,15.587087,72.69003,11.18118
18500,32.535862,15.636336,72.66975,11.2198
18520,32.373164,15.687203,72.5589,11.25836
18540,32.230708,15.740116,72.44837,11.29689
18560,32.097854,15.794381,72.33817,11.33537
18580,31.971867,15.849815,72.22829,11.37381
18600,31.847146,15.905403,72.11874,11.4122
18620,31.72399,15.961252,72.00951,11.45055
18640,31.603081,16.017644,71.9006,11.48886
18660,31.484382,16.074624,71.792,11.52712
18680,31.36873,16.132386,71.68372,11.56534
18700,31.251377,16.190249,71.57577,11.60351
18720,31.131319,16.24807,71.46812,11.64164
18740,31.00599,16.3053,71.36079,11.67972
18760,30.874588,16.362067,71.25378,11.71776
18780,30.735759,16.418594,71.14709,11.75575
18800,30.58424,16.475019,71.0407,11.79369
18820,30.412943,16.531621,70.93462,11.83159
18840,30.234556,16.587755,70.82886,11.86945
18860,30.051593,16.643306,70.7234,11.90725
18880,29.873258,16.697195,70.61826,11.94501
18900,29.698853,16.749485,70.51342,11.98273
18920,29.525931,16.800332,70.40889,12.02039
18940,29.354231,16.849858,70.30466,12.05801
18960,29.181247,16.898452,70.20074,12.09558
18980,29.01374,16.945315,70.09714,12.13311
19000,28.853975,16.990084,69.99382,12.17058
19020,28.708578,17.03281,69.95705,12.20802
19040,28.578674,17.073488,69.92033,12.24541
19060,28.463151,17.11174,69.88366,12.28275
19080,28.363366,17.147332,69.84704,12.32005
19100,28.287867,17.178608,69.81046,12.35729
19120,28.230012,17.207067,69.77394,12.39448
19140,28.18263,17.234369,69.73746,12.43163
19160,28.14039,17.261824,69.70104,12.46873
19180,28.097055,17.29095,69.66467,12.50578
19200,28.057137,17.320608,69.62835,12.54277
19220,28.021135,17.350628,69.59208,12.57972
19240,27.992765,17.380429,69.55586,12.61662
19260,27.972159,17.409993,69.5197,12.65347
19280,27.948833,17.441509,69.48358,12.69027
19300,27.921528,17.475198,69.44753,12.72701
19320,27.879941,17.512982,69.41151,12.76371
19340,27.826972,17.554351,69.37556,12.80036
19360,27.766394,17.59862,69.33966,12.83695
19380,27.696016,17.646414,69.30381,12.8735
19400,27.612334,17.69895,69.26802,12.90999
19420,27.521345,17.754132,69.23228,12.94643
19440,27.425568,17.811128,69.19659,12.98283
19460,27.329832,17.868028,69.16096,13.01917
19480,27.236966,17.923735,69.12539,13.05545
19500,27.144265,17.979308,69.08987,13.09169
19520,27.051624,18.034765,69.09099,13.12788
19540,26.955881,18.091581,69.09208,13.16402
19560,26.85651,18.14998,69.09315,13.20011
19580,26.762114,18.206652,69.09419,13.23614
19600,26.67323,18.26141,69.09521,13.27213
19620,26.599591,18.310873,69.09622,13.30806
19640,26.539716,18.355602,69.09721,13.34394
19660,26.488133,18.397835,69.09816,13.37976
19680,26.445492,18.437278,69.0991,13.41553
19700,26.413037,18.47337,69.10001,13.45125
19720,26.388991,18.506759,69.10091,13.48692
19740,26.3694,18.53889,69.1018,13.52253
19760,26.353203,18.570048,69.10265,13.5581
19780,26.335841,18.601616,69.1035,13.5936
19800,26.318831,18.6332,69.10432,13.62906
19820,26.302669,18.664782,69.10513,13.66446
19840,26.287922,18.696149,69.10593,13.69981
19860,26.277121,18.726484,69.1067,13.7351
19880,26.265864,18.757244,69.10747,13.77034
19900,26.250878,18.789541,69.10822,13.80553
19920,26.228431,18.824549,69.10894,13.84067
19940,26.19138,18.864564,69.10966,13.87575
19960,26.145363,18.907753,69.11036,13.91077
19980,26.085892,18.959207,69.11105,13.94574
20000,26.036834,19.000244,69.11172,13.98066
